<?xml version="1.0" encoding="UTF-8"?>
<list name="Audio" id="com.scur.list.mediatype.audio" typeId="com.scur.type.mediatype" version="1.0.27" systemList="true" structuralList="true" defaultRights="2">
<description></description>
<content>
<listEntry>
<entry>audio/x-gsm</entry>
<description>Raw GSM 6.10 Audio Stream</description>
</listEntry>
<listEntry>
<entry>audio/x-scpls</entry>
<description>Generic Playlist File</description>
</listEntry>
<listEntry>
<entry>audio/aac</entry>
<description>MPEG-2 Advanced Audio Coding File</description>
</listEntry>
<listEntry>
<entry>x-conference/x-cooltalk</entry>
<description>Cooltalk Audio</description>
</listEntry>
<listEntry>
<entry>application/mxf</entry>
<description>file in Material eXchange Format</description>
</listEntry>
<listEntry>
<entry>application/vnd.audiograph</entry>
<description>AudioGraph file</description>
</listEntry>
<listEntry>
<entry>application/vnd.epson.esf</entry>
<description>Epson QUASS Stream file</description>
</listEntry>
<listEntry>
<entry>application/vnd.epson.quickanime</entry>
<description>Epson QuickAnime file</description>
</listEntry>
<listEntry>
<entry>application/vnd.epson.salt</entry>
<description>Epson SimpleAnimeLite file</description>
</listEntry>
<listEntry>
<entry>application/vnd.mseq</entry>
<description>MSEQ multimedia file</description>
</listEntry>
<listEntry>
<entry>application/vnd.tmobile-livetv</entry>
<description>MobileTV data file</description>
</listEntry>
<listEntry>
<entry>application/vnd.yamaha.smaf-audio</entry>
<description>SMAF-Audio file</description>
</listEntry>
<listEntry>
<entry>application/vnd.yamaha.smaf-phrase</entry>
<description>SMAF-Phrase file</description>
</listEntry>
<listEntry>
<entry>application/x-msmediaview</entry>
<description>Microsoft Media Viewer document</description>
</listEntry>
<listEntry>
<entry>audio/vnd.dts</entry>
<description>DTS Encoded Audio File</description>
</listEntry>
<listEntry>
<entry>audio/vnd.dts.hd</entry>
<description>DTS Encoded High Quality Audio File</description>
</listEntry>
<listEntry>
<entry>audio/vnd.lucent.voice</entry>
<description>Lucent Voice Messaging file</description>
</listEntry>
<listEntry>
<entry>audio/vnd.ms-playready.media.pya</entry>
<description>Microsoft PlayReady audio file</description>
</listEntry>
<listEntry>
<entry>audio/x-mod</entry>
<description>Amiga/PC tracker module</description>
</listEntry>
<listEntry>
<entry>application/x-fcs</entry>
<description>RTMPT protocol</description>
</listEntry>
<listEntry>
<entry>audio/x-ms-wax</entry>
<description>Windows Advanced Stream Redirector File</description>
</listEntry>
<listEntry>
<entry>application/x-shockwave-flash</entry>
<description>Macromedia Flash file</description>
</listEntry>
<listEntry>
<entry>application/x-shockwave-audio</entry>
<description>Macromedia Audio file</description>
</listEntry>
<listEntry>
<entry>application/vnd.ms-asf</entry>
<description>Microsoft Multimedia Container</description>
</listEntry>
<listEntry>
<entry>application/x-silverlight</entry>
<description>Microsoft Silverlight files</description>
</listEntry>
<listEntry>
<entry>audio/basic</entry>
<description>Simple Audio</description>
</listEntry>
<listEntry>
<entry>audio/midi</entry>
<description>MIDI sound file</description>
</listEntry>
<listEntry>
<entry>audio/wav</entry>
<description>Microsoft Wave audio</description>
</listEntry>
<listEntry>
<entry>audio/x-wavepack</entry>
<description>WavPack Lossless Audio file</description>
</listEntry>
<listEntry>
<entry>audio/x-ms-midi</entry>
<description>Microsoft's variant of MIDI file</description>
</listEntry>
<listEntry>
<entry>video/x-matroska</entry>
<description>Matroska multimedia container files</description>
</listEntry>
<listEntry>
<entry>video/webm</entry>
<description>WebM multimedia files</description>
</listEntry>
<listEntry>
<entry>audio/mp4</entry>
<description>MPEG-4 Audio Layer File</description>
</listEntry>
<listEntry>
<entry>application/ogg</entry>
<description>Audio/Video files in OGG format</description>
</listEntry>
<listEntry>
<entry>application/x-flac</entry>
<description>Free Lossless Audio Codec</description>
</listEntry>
<listEntry>
<entry>application/x-ape</entry>
<description>Monkey's Audio Lossless Audio Compression Format</description>
</listEntry>
<listEntry>
<entry>audio/x-aiff</entry>
<description>Audio Interchange File Format</description>
</listEntry>
<listEntry>
<entry>audio/x-8svx</entry>
<description>Amiga 8-bit Sound</description>
</listEntry>
<listEntry>
<entry>audio/x-pn-realaudio</entry>
<description>RealMedia streaming file</description>
</listEntry>
<listEntry>
<entry>audio/x-twinvq</entry>
<description>TwinVQF Music File</description>
</listEntry>
<listEntry>
<entry>audio/x-creative-voice</entry>
<description>Creative Labs Sound</description>
</listEntry>
<listEntry>
<entry>audio/x-video-game-music</entry>
<description>Video Game Music File</description>
</listEntry>
<listEntry>
<entry>audio/amr</entry>
<description>Adaptive Multi-Rate ACELP format</description>
</listEntry>
<listEntry>
<entry>application/x-sibelius-score</entry>
<description>Sibelius Music/Score File</description>
</listEntry>
<listEntry>
<entry>audio/x-ftmn</entry>
<description>FaceTheMusic Song/Module</description>
</listEntry>
<listEntry>
<entry>application/x-audition</entry>
<description>Audition Session File</description>
</listEntry>
<listEntry>
<entry>application/x-rkau-audio</entry>
<description>RKAU Audio file</description>
</listEntry>
<listEntry>
<entry>application/x-finale-music</entry>
<description>Finale Music Score</description>
</listEntry>
<listEntry>
<entry>audio/mpeg</entry>
<description>MPEG audio file</description>
</listEntry>
<listEntry>
<entry>audio/musepack</entry>
<description>Musepack Audio File</description>
</listEntry>
<listEntry>
<entry>audio/prs.sid</entry>
<description>Commodore64 Music File</description>
</listEntry>
<listEntry>
<entry>application/vnd.smaf</entry>
<description>Yamaha SMAF Synthetic Music Mobile Application Format</description>
</listEntry>
<listEntry>
<entry>application/abm</entry>
<description>Audition music</description>
</listEntry>
<listEntry>
<entry>application/ac1d</entry>
<description>AC1D-DC1A Packer</description>
</listEntry>
<listEntry>
<entry>application/x-gravis-ultrasound-patch</entry>
<description>Gravis UltraSound GF1 Patch File</description>
</listEntry>
<listEntry>
<entry>application/x-n4s-audio</entry>
<description>Need for Speed: Underground Audio File</description>
</listEntry>
<listEntry>
<entry>audio/x-sd2</entry>
<description>Sound Designer II Audio File</description>
</listEntry>
<listEntry>
<entry>audio/mpegurl</entry>
<description>MP3 Playlist File</description>
</listEntry>
<listEntry>
<entry>application/vnd.apple.mpegurl</entry>
<description>HLS Playlist File</description>
</listEntry>
</content>
</list>
