<?xml version="1.0" encoding="UTF-8"?>
<list name="Streaming media" id="com.scur.list.mediatype.streams" typeId="com.scur.type.mediatype" version="1.0.27" systemList="true" structuralList="true" defaultRights="2">
<description></description>
<content>
<listEntry>
<entry>video/x-la-asf</entry>
<description>Streaming Audio/Video File</description>
</listEntry>
<listEntry>
<entry>application/vnd.tmobile-livetv</entry>
<description>MobileTV data file</description>
</listEntry>
<listEntry>
<entry>video/h261</entry>
<description>H.261 Video Stream</description>
</listEntry>
<listEntry>
<entry>application/x-fcs</entry>
<description>RTMPT protocol</description>
</listEntry>
<listEntry>
<entry>audio/x-ms-wax</entry>
<description>Windows Advanced Stream Redirector File</description>
</listEntry>
<listEntry>
<entry>application/vnd.ms-asf</entry>
<description>Microsoft Multimedia Container</description>
</listEntry>
<listEntry>
<entry>video/webm</entry>
<description>WebM multimedia files</description>
</listEntry>
<listEntry>
<entry>audio/x-pn-realaudio</entry>
<description>RealMedia streaming file</description>
</listEntry>
<listEntry>
<entry>audio/mpegurl</entry>
<description>MP3 Playlist File</description>
</listEntry>
<listEntry>
<entry>application/vnd.apple.mpegurl</entry>
<description>HLS Playlist File</description>
</listEntry>
</content>
</list>
