<?xml version="1.0" encoding="UTF-8"?>
<list name="Video" id="com.scur.list.mediatype.video" typeId="com.scur.type.mediatype" version="1.0.27" systemList="true" structuralList="true" defaultRights="2">
<description></description>
<content>
<listEntry>
<entry>video/dl</entry>
<description></description>
</listEntry>
<listEntry>
<entry>video/dv</entry>
<description>Digital Video File</description>
</listEntry>
<listEntry>
<entry>video/gl</entry>
<description></description>
</listEntry>
<listEntry>
<entry>video/vnd.mpegurl</entry>
<description></description>
</listEntry>
<listEntry>
<entry>video/x-la-asf</entry>
<description>Streaming Audio/Video File</description>
</listEntry>
<listEntry>
<entry>video/x-ms-wm</entry>
<description>Windows Media A/V File</description>
</listEntry>
<listEntry>
<entry>video/x-ms-wmx</entry>
<description>Windows Media Player A/V Shortcut</description>
</listEntry>
<listEntry>
<entry>video/x-ms-wvx</entry>
<description>Windows Media Video Redirector</description>
</listEntry>
<listEntry>
<entry>application/mxf</entry>
<description>file in Material eXchange Format</description>
</listEntry>
<listEntry>
<entry>application/vnd.epson.esf</entry>
<description>Epson QUASS Stream file</description>
</listEntry>
<listEntry>
<entry>application/vnd.epson.quickanime</entry>
<description>Epson QuickAnime file</description>
</listEntry>
<listEntry>
<entry>application/vnd.epson.salt</entry>
<description>Epson SimpleAnimeLite file</description>
</listEntry>
<listEntry>
<entry>application/vnd.mseq</entry>
<description>MSEQ multimedia file</description>
</listEntry>
<listEntry>
<entry>application/vnd.tmobile-livetv</entry>
<description>MobileTV data file</description>
</listEntry>
<listEntry>
<entry>application/x-msmediaview</entry>
<description>Microsoft Media Viewer document</description>
</listEntry>
<listEntry>
<entry>video/h261</entry>
<description>H.261 Video Stream</description>
</listEntry>
<listEntry>
<entry>video/h264</entry>
<description>H.264 Video file</description>
</listEntry>
<listEntry>
<entry>video/vnd.ms-playready.media.pyv</entry>
<description>Microsoft PlayReady video file</description>
</listEntry>
<listEntry>
<entry>video/vnd.vivo</entry>
<description>Vivo video file</description>
</listEntry>
<listEntry>
<entry>application/x-fcs</entry>
<description>RTMPT protocol</description>
</listEntry>
<listEntry>
<entry>application/x-quicktimeplayer</entry>
<description>QuickTime Media Link</description>
</listEntry>
<listEntry>
<entry>audio/x-ms-wax</entry>
<description>Windows Advanced Stream Redirector File</description>
</listEntry>
<listEntry>
<entry>video/f4m</entry>
<description>Adobe Flash Media Manifest file</description>
</listEntry>
<listEntry>
<entry>application/vnd.ms-sstr+xml</entry>
<description>XML Description for Silverlight-based videos</description>
</listEntry>
<listEntry>
<entry>application/x-shockwave-flash</entry>
<description>Macromedia Flash file</description>
</listEntry>
<listEntry>
<entry>video/x-flv</entry>
<description>Flash Video</description>
</listEntry>
<listEntry>
<entry>application/vnd.ms-asf</entry>
<description>Microsoft Multimedia Container</description>
</listEntry>
<listEntry>
<entry>application/x-silverlight</entry>
<description>Microsoft Silverlight files</description>
</listEntry>
<listEntry>
<entry>video/3gpp</entry>
<description>3GPP Mobile video format</description>
</listEntry>
<listEntry>
<entry>video/3gpp2</entry>
<description>3GPP2 Mobile video format</description>
</listEntry>
<listEntry>
<entry>video/x-msvideo</entry>
<description>Audio Video Interleave format</description>
</listEntry>
<listEntry>
<entry>video/x-matroska</entry>
<description>Matroska multimedia container files</description>
</listEntry>
<listEntry>
<entry>video/webm</entry>
<description>WebM multimedia files</description>
</listEntry>
<listEntry>
<entry>video/f4v</entry>
<description>MPEG-4 based Flash Video</description>
</listEntry>
<listEntry>
<entry>video/f4f</entry>
<description>MPEG-4 based Flash Video</description>
</listEntry>
<listEntry>
<entry>video/quicktime</entry>
<description>QuickTime container format</description>
</listEntry>
<listEntry>
<entry>video/mp4</entry>
<description>MPEG-4 Video Layer File</description>
</listEntry>
<listEntry>
<entry>video/mp2t</entry>
<description>MPEG/MPEG2 Transport stream</description>
</listEntry>
<listEntry>
<entry>application/ogg</entry>
<description>Audio/Video files in OGG format</description>
</listEntry>
<listEntry>
<entry>application/x-nullsoft-video</entry>
<description>Nullsoft (Streaming) Video</description>
</listEntry>
<listEntry>
<entry>video/mpeg</entry>
<description>MPEG Movie Clip</description>
</listEntry>
<listEntry>
<entry>video/x-sgi-movie</entry>
<description>SGI Movie file</description>
</listEntry>
<listEntry>
<entry>video/x-mng</entry>
<description>Multi-image Network Graphic Animation</description>
</listEntry>
<listEntry>
<entry>video/x-video-cd</entry>
<description>VideoCD</description>
</listEntry>
<listEntry>
<entry>application/x-director</entry>
<description>Shockwave Movie</description>
</listEntry>
<listEntry>
<entry>application/vnd.apple.mpegurl</entry>
<description>HLS Playlist File</description>
</listEntry>
</content>
</list>
